{
  "project_info": {
    "project_number": "351839958266",
    "project_id": "proyecto-fin-de-curso-160c0",
    "storage_bucket": "proyecto-fin-de-curso-160c0.appspot.com"
  },
  "client": [
    {
      "client_info": {
        "mobilesdk_app_id": "1:351839958266:android:b21a436e6944e018868543",
        "android_client_info": {
          "package_name": "com.example.proyectofindecurso"
        }
      },
      "oauth_client": [
        {
          "client_id": "351839958266-89e2ssdlm6mne168mv1v2nu4ij95iug5.apps.googleusercontent.com",
          "client_type": 3
        }
      ],
      "api_key": [
        {
          "current_key": "AIzaSyCSQCGxx2FbOd0Jn6EXYyS86cUYsTmndz4"
        }
      ],
      "services": {
        "appinvite_service": {
          "other_platform_oauth_client": [
            {
              "client_id": "351839958266-89e2ssdlm6mne168mv1v2nu4ij95iug5.apps.googleusercontent.com",
              "client_type": 3
            }
          ]
        }
      }
    }
  ],
  "configuration_version": "1"
}